Unnamed: 0,jobs,interface,Num_intf_residues,Polar,Hydrophobic,Charged,contact_pairs,sc,hb,sb,int_solv_en,int_area,pi_score,pdb, pvalue,iptm_ptm,iptm,mpDockQ/pDockQ,lis_score,average pae score,lia_score,Variant_ID,Sequence,Domain,domain_sequence,encoded_sequence,encode_domain,Predicted_Scores
0,KIX_and_MYB_24,C_B,25.0,0.24,0.44,0.28,22.0,0.475,2.0,7.0,-15.93,1217.52,0.85,,,0.7399439419424632,0.7691416165761349,0.2673279249294845,0.1738291549682617,13.773817,5393,MYB_24,NDYSYYHISEAQNVSSHVPYPVALHVNIVNVPQPAAAAIQRHYNDEDPEKEKRIKELELLLMSTENELKGQQVLPTQNHT,KIX,GIRKQWHEDITQDLRNHLVHKLVQAIFPTPDPAALKDRRMENLVAYARKVEGDMYESANNRAEYYHLLAEKIYKIQKELE,"[12, 3, 20, 16, 20, 20, 7, 8, 16, 4, 1, 14, 12, 18, 16, 16, 7, 18, 13, 20, 13, 18, 1, 10, 7, 18, 12, 8, 18, 12, 18, 13, 14, 13, 1, 1, 1, 1, 8, 14, 15, 7, 20, 12, 3, 4, 3, 13, 4, 9]","[6, 8, 15, 9, 14, 19, 7, 4, 3, 8, 17, 14, 3, 10, 15, 12, 7, 10, 18, 7, 9, 10, 18, 14, 1, 8, 5, 13, 17, 13, 3, 13, 1, 1, 10, 9, 3, 15, 15, 11, 4, 12, 10, 18, 1, 20, 1, 15, 9, 18]",0.6674746
1,KIX_and_KLF15_10,C_B,12.0,0.167,0.417,0.25,8.0,0.458,2.0,0.0,-21.22,1191.36,0.57,,,0.7338360060049023,0.7669324520016686,0.2383533277013998,0.1704837036132812,15.009221,4230,KLF15_10,PVAWGPWRRAAAPVKGEHFCLPEFPLGDPDDVPRPFQPTLEEIEEFLEENMEPGVKEVPEGNSKDLDACSQLSAGPHKSH,KIX,GIRKQWHEDITQDLRNHLVHKLVQAIFPTPDPAALKDRRMENLVAYARKVEGDMYESANNRAEYYHLLAEKIYKIQKELE,"[13, 18, 1, 19, 6, 13, 19, 15, 15, 1, 1, 1, 13, 18, 9, 6, 4, 7, 5, 2, 10, 13, 4, 5, 13, 10, 6, 3, 13, 3, 3, 18, 13, 15, 13, 5, 14, 13, 17, 10, 4, 4, 8, 4, 4, 5, 10, 4, 4, 12]","[6, 8, 15, 9, 14, 19, 7, 4, 3, 8, 17, 14, 3, 10, 15, 12, 7, 10, 18, 7, 9, 10, 18, 14, 1, 8, 5, 13, 17, 13, 3, 13, 1, 1, 10, 9, 3, 15, 15, 11, 4, 12, 10, 18, 1, 20, 1, 15, 9, 18]",0.43494415
2,KIX_and_ARNTL_54,C_B,12.0,0.333,0.583,0.083,10.0,0.591,3.0,3.0,-11.18,605.57,0.77,,,0.6631067209374311,0.6888725611451465,0.1279567933478459,0.1480921459197998,17.160551,3633,ARNTL_54,GGTPDIPSSGLLSGQAQENPGYPYSDSSSILGENPHIGIDMIDNDQGSSSPSNDEAAMAVIMSLLEADAGLGGPVDFSDL,KIX,GIRKQWHEDITQDLRNHLVHKLVQAIFPTPDPAALKDRRMENLVAYARKVEGDMYESANNRAEYYHLLAEKIYKIQKELE,"[6, 6, 17, 13, 3, 8, 13, 16, 16, 6, 10, 10, 16, 6, 14, 1, 14, 4, 12, 13, 6, 20, 13, 20, 16, 3, 16, 16, 16, 8, 10, 6, 4, 12, 13, 7, 8, 6, 8, 3, 11, 8, 3, 12, 3, 14, 6, 16, 16, 16]","[6, 8, 15, 9, 14, 19, 7, 4, 3, 8, 17, 14, 3, 10, 15, 12, 7, 10, 18, 7, 9, 10, 18, 14, 1, 8, 5, 13, 17, 13, 3, 13, 1, 1, 10, 9, 3, 15, 15, 11, 4, 12, 10, 18, 1, 20, 1, 15, 9, 18]",0.3513652
3,KIX_and_MITF_22,C_B,22.0,0.318,0.5,0.136,19.0,0.266,3.0,3.0,-24.91,1833.37,-1.29,,,0.5965810728891048,0.5986532601710877,0.1538553682923833,0.1337109375,14.34953,3088,MITF_22,QMDDVIDDIISLESSYNEEILGLMDPALQMANTLPVSGNLIDLYGNQGLPPPGLTISNSCPANLPNIKRELTESEARALA,KIX,GIRKQWHEDITQDLRNHLVHKLVQAIFPTPDPAALKDRRMENLVAYARKVEGDMYESANNRAEYYHLLAEKIYKIQKELE,"[14, 11, 3, 3, 18, 8, 3, 3, 8, 8, 16, 10, 4, 16, 16, 20, 12, 4, 4, 8, 10, 6, 10, 11, 3, 13, 1, 10, 14, 11, 1, 12, 17, 10, 13, 18, 16, 6, 12, 10, 8, 3, 10, 20, 6, 12, 14, 6, 10, 13]","[6, 8, 15, 9, 14, 19, 7, 4, 3, 8, 17, 14, 3, 10, 15, 12, 7, 10, 18, 7, 9, 10, 18, 14, 1, 8, 5, 13, 17, 13, 3, 13, 1, 1, 10, 9, 3, 15, 15, 11, 4, 12, 10, 18, 1, 20, 1, 15, 9, 18]",0.07753503
4,KIX_and_NCOA2_101,C_B,26.0,0.346,0.462,0.192,25.0,0.296,1.0,5.0,-15.75,1268.49,-1.17,,,0.5333904439077497,0.5313725616118687,0.14841648163179,0.1284181880950927,16.39258,3075,NCOA2_101,SELEMNMGGPQYSQQQAPPNQTAPWPESILPIDQASFASQNRQPFGSSPDDLLCPHPAAESPSDEGALLDQLYLALRNFD,KIX,GIRKQWHEDITQDLRNHLVHKLVQAIFPTPDPAALKDRRMENLVAYARKVEGDMYESANNRAEYYHLLAEKIYKIQKELE,"[16, 4, 10, 4, 11, 12, 11, 6, 6, 13, 14, 20, 16, 14, 14, 14, 1, 13, 13, 12, 14, 17, 1, 13, 19, 13, 4, 16, 8, 10, 13, 8, 3, 14, 1, 16, 5, 1, 16, 14, 12, 15, 14, 13, 5, 6, 16, 16, 13, 3]","[6, 8, 15, 9, 14, 19, 7, 4, 3, 8, 17, 14, 3, 10, 15, 12, 7, 10, 18, 7, 9, 10, 18, 14, 1, 8, 5, 13, 17, 13, 3, 13, 1, 1, 10, 9, 3, 15, 15, 11, 4, 12, 10, 18, 1, 20, 1, 15, 9, 18]",0.028034834
5,KIX_and_SOX7_27,C_B,14.0,0.357,0.357,0.214,7.0,0.345,0.0,2.0,-14.16,1044.46,-1.71,,,0.5401709118673917,0.531102039598596,0.1055267730019902,0.13774263381958,15.542495,3678,SOX7_27,SPVPGCPPSPAYYSPATYHPLHSNLQAHLGQLSPPPEHPGFDALDQLSQVELLGDMDRNEFDQYLNTPGHPDSATGAMAL,KIX,GIRKQWHEDITQDLRNHLVHKLVQAIFPTPDPAALKDRRMENLVAYARKVEGDMYESANNRAEYYHLLAEKIYKIQKELE,"[16, 13, 18, 13, 6, 2, 13, 13, 16, 13, 1, 20, 20, 16, 13, 1, 17, 20, 7, 13, 10, 7, 16, 12, 10, 14, 1, 7, 10, 6, 14, 10, 16, 13, 13, 13, 4, 7, 13, 6, 5, 3, 1, 10, 3, 14, 10, 16, 14, 18]","[6, 8, 15, 9, 14, 19, 7, 4, 3, 8, 17, 14, 3, 10, 15, 12, 7, 10, 18, 7, 9, 10, 18, 14, 1, 8, 5, 13, 17, 13, 3, 13, 1, 1, 10, 9, 3, 15, 15, 11, 4, 12, 10, 18, 1, 20, 1, 15, 9, 18]",0.042480938
6,KIX_and_LEUTX_9,C_B,30.0,0.267,0.467,0.133,32.0,0.415,3.0,1.0,-21.82,1238.25,0.12,,,0.4930656304801623,0.4830121568731695,0.0970440451216023,0.1281197643280029,17.471945,2151,LEUTX_9,PSAITTANIRPVSPGISDANDHDLREPSGIKNPGGASASARVSSWDSQSYDIEQICLGASNPPWASTLFEIDEFVKIYDL,KIX,GIRKQWHEDITQDLRNHLVHKLVQAIFPTPDPAALKDRRMENLVAYARKVEGDMYESANNRAEYYHLLAEKIYKIQKELE,"[13, 16, 1, 8, 17, 17, 1, 12, 8, 15, 13, 18, 16, 13, 6, 8, 16, 3, 1, 12, 3, 7, 3, 10, 15, 4, 13, 16, 6, 8, 9, 12, 13, 6, 6, 1, 16, 1, 16, 1, 15, 18, 16, 16, 19, 3, 16, 14, 16, 20]","[6, 8, 15, 9, 14, 19, 7, 4, 3, 8, 17, 14, 3, 10, 15, 12, 7, 10, 18, 7, 9, 10, 18, 14, 1, 8, 5, 13, 17, 13, 3, 13, 1, 1, 10, 9, 3, 15, 15, 11, 4, 12, 10, 18, 1, 20, 1, 15, 9, 18]",0.022570437
7,KIX_and_NFKB1_74,C_B,17.0,0.176,0.471,0.235,14.0,0.43,3.0,2.0,-10.01,835.46,-1.04,,,0.4684965322579272,0.4518432819651017,0.1286057678465397,0.1263184642791748,17.060871,2271,NFKB1_74,AGADPLVENFEPLYDLDDSWENAGEDEGVVPGTTPLDMATSWQVFDILNGKPYEPEFTSDDLLAQGDMKQLAEDVKLQLY,KIX,GIRKQWHEDITQDLRNHLVHKLVQAIFPTPDPAALKDRRMENLVAYARKVEGDMYESANNRAEYYHLLAEKIYKIQKELE,"[1, 6, 1, 3, 13, 10, 18, 4, 12, 5, 4, 13, 10, 20, 3, 10, 3, 3, 16, 19, 4, 12, 1, 6, 4, 3, 4, 6, 18, 18, 13, 6, 17, 17, 13, 10, 3, 11, 1, 17, 16, 19, 14, 18, 5, 3, 8, 10, 12, 6]","[6, 8, 15, 9, 14, 19, 7, 4, 3, 8, 17, 14, 3, 10, 15, 12, 7, 10, 18, 7, 9, 10, 18, 14, 1, 8, 5, 13, 17, 13, 3, 13, 1, 1, 10, 9, 3, 15, 15, 11, 4, 12, 10, 18, 1, 20, 1, 15, 9, 18]",0.048118092
8,KIX_and_KMT2D_298,C_B,28.0,0.179,0.536,0.25,25.0,0.296,2.0,1.0,-24.44,1607.05,-0.41,,,0.4571212964288483,0.4203396362658431,0.1790049657421889,0.1398270893096923,13.877258,4962,KMT2D_298,LEAGKLPCEDPELDDDFDAHKALEDDEELAHLGLGVDVAKGDDELGTLENLETNDPHLDDLLNGDEFDLLAYTDPELDTG,KIX,GIRKQWHEDITQDLRNHLVHKLVQAIFPTPDPAALKDRRMENLVAYARKVEGDMYESANNRAEYYHLLAEKIYKIQKELE,"[10, 4, 1, 6, 9, 10, 13, 2, 4, 3, 13, 4, 10, 3, 3, 3, 5, 3, 1, 7, 9, 1, 10, 4, 3, 3, 4, 4, 10, 1, 7, 10, 6, 10, 6, 18, 3, 18, 1, 9, 6, 3, 3, 4, 10, 6, 17, 10, 4, 12]","[6, 8, 15, 9, 14, 19, 7, 4, 3, 8, 17, 14, 3, 10, 15, 12, 7, 10, 18, 7, 9, 10, 18, 14, 1, 8, 5, 13, 17, 13, 3, 13, 1, 1, 10, 9, 3, 15, 15, 11, 4, 12, 10, 18, 1, 20, 1, 15, 9, 18]",0.021596035
9,KIX_and_PPM1F_1,C_B,40.0,0.2,0.425,0.2,35.0,0.281,3.0,0.0,-24.91,1678.9,-0.89,,,0.4413845781034961,0.4109156442292481,0.0798901592377653,0.1205669975280761,13.584918,3875,PPM1F_1,PMASGAEETPGFLDTLLQDFPALLNPEDPLPWKAPGTVLSQEEVEGELAELAMGFLGSRKAPPPLAAALAHEAVSQLLQT,KIX,GIRKQWHEDITQDLRNHLVHKLVQAIFPTPDPAALKDRRMENLVAYARKVEGDMYESANNRAEYYHLLAEKIYKIQKELE,"[13, 11, 1, 16, 6, 1, 4, 4, 17, 13, 6, 5, 10, 3, 17, 10, 10, 14, 3, 5, 13, 1, 10, 10, 12, 13, 4, 3, 13, 10, 13, 19, 9, 1, 13, 6, 17, 18, 10, 16, 14, 4, 4, 18, 4, 6, 4, 10, 1, 4]","[6, 8, 15, 9, 14, 19, 7, 4, 3, 8, 17, 14, 3, 10, 15, 12, 7, 10, 18, 7, 9, 10, 18, 14, 1, 8, 5, 13, 17, 13, 3, 13, 1, 1, 10, 9, 3, 15, 15, 11, 4, 12, 10, 18, 1, 20, 1, 15, 9, 18]",0.02720041
10,KIX_and_PPARGC1A_2,C_B,11.0,0.273,0.727,0.0,6.0,0.307,3.0,1.0,-20.7,1390.51,-0.75,,,0.3915759207819526,0.3507089009070104,0.0710200156899625,0.1225078964233398,14.03932,3340,PPARGC1A_2,ALVGEDQPLCPDLPELDLSELDVNDLDTDSFLGGLKWCSDQSEIISNQYNNEPSNIFEKIDEENEANLLAVLTETLDSLP,KIX,GIRKQWHEDITQDLRNHLVHKLVQAIFPTPDPAALKDRRMENLVAYARKVEGDMYESANNRAEYYHLLAEKIYKIQKELE,"[1, 10, 18, 6, 4, 3, 14, 13, 10, 2, 13, 3, 10, 13, 4, 10, 3, 10, 16, 4, 10, 3, 18, 12, 3, 10, 3, 17, 3, 16, 5, 10, 6, 6, 10, 9, 19, 2, 16, 3, 14, 16, 4, 8, 8, 16, 12, 14, 20, 12]","[6, 8, 15, 9, 14, 19, 7, 4, 3, 8, 17, 14, 3, 10, 15, 12, 7, 10, 18, 7, 9, 10, 18, 14, 1, 8, 5, 13, 17, 13, 3, 13, 1, 1, 10, 9, 3, 15, 15, 11, 4, 12, 10, 18, 1, 20, 1, 15, 9, 18]",0.026379634
11,KIX_and_PRMT3_9,C_B,13.0,0.308,0.462,0.077,9.0,0.33,2.0,4.0,-11.3,977.45,-1.32,,,0.3603156896384293,0.3284713834113565,0.0713167430946763,0.1205243492126464,15.813131,270,PRMT3_9,LINFIRLKNPTVEYMNSIYNPVPWEKEEYLKPVLEDDLLLQFDVEDLYEPVSVPFSYPNGLSENTSVVEKLKHMEARALS,KIX,GIRKQWHEDITQDLRNHLVHKLVQAIFPTPDPAALKDRRMENLVAYARKVEGDMYESANNRAEYYHLLAEKIYKIQKELE,"[10, 8, 12, 5, 8, 15, 10, 9, 12, 13, 17, 18, 4, 20, 11, 12, 16, 8, 20, 12, 13, 18, 13, 19, 4, 9, 4, 4, 20, 10, 9, 13, 18, 10, 4, 3, 3, 10, 10, 10, 14, 5, 3, 18, 4, 3, 10, 20, 4, 13]","[6, 8, 15, 9, 14, 19, 7, 4, 3, 8, 17, 14, 3, 10, 15, 12, 7, 10, 18, 7, 9, 10, 18, 14, 1, 8, 5, 13, 17, 13, 3, 13, 1, 1, 10, 9, 3, 15, 15, 11, 4, 12, 10, 18, 1, 20, 1, 15, 9, 18]",0.09637557
12,KIX_and_NFE2L1_26,C_B,14.0,0.286,0.429,0.214,12.0,0.211,2.0,2.0,-12.47,665.85,-1.26,,,0.3614579434447148,0.3189970975342998,0.0742365630971468,0.1261960220336914,16.64118,2186,NFE2L1_26,ATCPFGENAEFPADISSITEAVPSESEPPALQNNLLSPLLTGTESPFDLEQQWQDLMSIMEMQAMEVNTSASEILYSAPP,KIX,GIRKQWHEDITQDLRNHLVHKLVQAIFPTPDPAALKDRRMENLVAYARKVEGDMYESANNRAEYYHLLAEKIYKIQKELE,"[1, 17, 2, 13, 5, 6, 4, 12, 1, 4, 5, 13, 1, 3, 8, 16, 16, 8, 17, 4, 1, 18, 13, 16, 4, 16, 4, 13, 13, 1, 10, 14, 12, 12, 10, 10, 16, 13, 10, 10, 17, 6, 17, 4, 16, 13, 5, 3, 10, 4]","[6, 8, 15, 9, 14, 19, 7, 4, 3, 8, 17, 14, 3, 10, 15, 12, 7, 10, 18, 7, 9, 10, 18, 14, 1, 8, 5, 13, 17, 13, 3, 13, 1, 1, 10, 9, 3, 15, 15, 11, 4, 12, 10, 18, 1, 20, 1, 15, 9, 18]",0.031205205
13,KIX_and_EGR4_19,C_B,13.0,0.0,0.769,0.154,8.0,0.257,0.0,1.0,-18.74,1013.03,-1.62,,,0.3409354985844106,0.2932870719215233,0.0921701505476846,0.120614948272705,16.991205,1730,EGR4_19,QAVPEHPHDPEALFNLMSGILGLAPFPGPEAAASRSPLDAPFPAGSDALLPGPPDLYSPDLGAAPFPEAFWEASPCAGAP,KIX,GIRKQWHEDITQDLRNHLVHKLVQAIFPTPDPAALKDRRMENLVAYARKVEGDMYESANNRAEYYHLLAEKIYKIQKELE,"[14, 1, 18, 13, 4, 7, 13, 7, 3, 13, 4, 1, 10, 5, 12, 10, 11, 16, 6, 8, 10, 6, 10, 1, 13, 5, 13, 6, 13, 4, 1, 1, 1, 16, 15, 16, 13, 10, 3, 1, 13, 5, 13, 1, 6, 16, 3, 1, 10, 10]","[6, 8, 15, 9, 14, 19, 7, 4, 3, 8, 17, 14, 3, 10, 15, 12, 7, 10, 18, 7, 9, 10, 18, 14, 1, 8, 5, 13, 17, 13, 3, 13, 1, 1, 10, 9, 3, 15, 15, 11, 4, 12, 10, 18, 1, 20, 1, 15, 9, 18]",0.026222253
14,KIX_and_SMARCA4_14,C_B,12.0,0.083,0.583,0.333,11.0,0.18,4.0,3.0,-6.72,851.72,-1.5,,,0.3387666426729823,0.2928361375450121,0.1085556697079583,0.1297554779052734,15.870138,1197,SMARCA4_14,SGPQMSSGPGGAPLDGADPQALGQQNRGPTPFNQNQLHQLRAQIMAYKMLARGQPLPDHLQMAVQGKRPMPGMQQQMPTL,KIX,GIRKQWHEDITQDLRNHLVHKLVQAIFPTPDPAALKDRRMENLVAYARKVEGDMYESANNRAEYYHLLAEKIYKIQKELE,"[16, 6, 13, 14, 11, 16, 16, 6, 13, 6, 6, 1, 13, 10, 3, 6, 1, 3, 13, 14, 1, 10, 6, 14, 14, 12, 15, 6, 13, 17, 13, 5, 12, 14, 12, 14, 10, 7, 14, 10, 15, 1, 14, 8, 11, 1, 20, 9, 11, 10]","[6, 8, 15, 9, 14, 19, 7, 4, 3, 8, 17, 14, 3, 10, 15, 12, 7, 10, 18, 7, 9, 10, 18, 14, 1, 8, 5, 13, 17, 13, 3, 13, 1, 1, 10, 9, 3, 15, 15, 11, 4, 12, 10, 18, 1, 20, 1, 15, 9, 18]",0.02750621
15,KIX_and_PHIP_109,C_B,37.0,0.216,0.514,0.189,43.0,0.146,5.0,5.0,-12.81,1164.57,-0.82,,,0.3375934040283328,0.2904503410319019,0.0925376250388968,0.1115930366516113,15.128422,962,PHIP_109,LQLEYPDSLFQCYNVCWDNGDTEKMSPWDMELIPNNAVFPEELGTSVPLTDGECRSLIYKPLDGEWGTNPRDEECERIVA,KIX,GIRKQWHEDITQDLRNHLVHKLVQAIFPTPDPAALKDRRMENLVAYARKVEGDMYESANNRAEYYHLLAEKIYKIQKELE,"[10, 14, 10, 4, 20, 13, 3, 16, 10, 5, 14, 2, 20, 12, 18, 2, 19, 3, 12, 6, 3, 17, 4, 9, 11, 16, 13, 19, 3, 11, 4, 10, 8, 13, 12, 12, 1, 18, 5, 13, 4, 4, 10, 6, 17, 16, 18, 13, 10, 17]","[6, 8, 15, 9, 14, 19, 7, 4, 3, 8, 17, 14, 3, 10, 15, 12, 7, 10, 18, 7, 9, 10, 18, 14, 1, 8, 5, 13, 17, 13, 3, 13, 1, 1, 10, 9, 3, 15, 15, 11, 4, 12, 10, 18, 1, 20, 1, 15, 9, 18]",0.043853525
16,KIX_and_CDCA4_15,C_B,21.0,0.19,0.381,0.429,20.0,0.238,6.0,4.0,-20.65,1269.31,0.12,,,0.3261302235405408,0.2731704344631505,0.0776987640511458,0.1225182342529296,16.407297,2262,CDCA4_15,PRENRGSFHKSLDQIFETLETKNPSCMEELFSDVDSPYYDLDTVLTGMMGGARPGPCEGLEGLAPATPGPSSSCKSDLGE,KIX,GIRKQWHEDITQDLRNHLVHKLVQAIFPTPDPAALKDRRMENLVAYARKVEGDMYESANNRAEYYHLLAEKIYKIQKELE,"[13, 15, 4, 12, 15, 6, 16, 5, 7, 9, 16, 10, 3, 14, 8, 5, 4, 17, 10, 4, 17, 9, 12, 13, 16, 2, 11, 4, 4, 10, 5, 16, 3, 18, 3, 16, 13, 20, 20, 3, 10, 3, 17, 18, 10, 17, 6, 11, 11, 6]","[6, 8, 15, 9, 14, 19, 7, 4, 3, 8, 17, 14, 3, 10, 15, 12, 7, 10, 18, 7, 9, 10, 18, 14, 1, 8, 5, 13, 17, 13, 3, 13, 1, 1, 10, 9, 3, 15, 15, 11, 4, 12, 10, 18, 1, 20, 1, 15, 9, 18]",0.07509406
17,KIX_and_SOX8_24,C_B,16.0,0.438,0.313,0.188,16.0,0.267,1.0,1.0,-12.1,951.13,-2.09,,,0.3144214792662171,0.266608921218865,0.073411290720023,0.118111925125122,17.697031,1336,SOX8_24,PELKLEGRRPVDSGRQNIDFSNVDISELSSEVMGTMDAFDVHEFDQYLPLGGPAPPEPGQAYGGAYFHAGASPVWAHKSA,KIX,GIRKQWHEDITQDLRNHLVHKLVQAIFPTPDPAALKDRRMENLVAYARKVEGDMYESANNRAEYYHLLAEKIYKIQKELE,"[13, 4, 10, 9, 10, 4, 6, 15, 15, 13, 18, 3, 16, 6, 15, 14, 12, 8, 3, 5, 16, 12, 18, 3, 8, 16, 4, 10, 16, 16, 4, 18, 11, 6, 17, 11, 3, 1, 5, 3, 18, 7, 4, 5, 3, 14, 20, 10, 13, 10]","[6, 8, 15, 9, 14, 19, 7, 4, 3, 8, 17, 14, 3, 10, 15, 12, 7, 10, 18, 7, 9, 10, 18, 14, 1, 8, 5, 13, 17, 13, 3, 13, 1, 1, 10, 9, 3, 15, 15, 11, 4, 12, 10, 18, 1, 20, 1, 15, 9, 18]",0.038993213
18,KIX_and_CEBPD_1,C_B,15.0,0.267,0.533,0.2,14.0,0.32,5.0,3.0,-23.48,1317.02,-0.37,,,0.3145150839256208,0.2623361548080946,0.1073381813560382,0.1156721687316894,17.758514,1878,CEBPD_1,ARGAPWPAEPAPFYEPGRAGKPGRGAEPGALGEPGAAAPAMYDDESAIDFSAYIDSMAAVPTLELCHDELFADLFNSNHK,KIX,GIRKQWHEDITQDLRNHLVHKLVQAIFPTPDPAALKDRRMENLVAYARKVEGDMYESANNRAEYYHLLAEKIYKIQKELE,"[1, 15, 6, 1, 13, 19, 13, 1, 4, 13, 1, 13, 5, 20, 4, 13, 6, 15, 1, 6, 9, 13, 6, 15, 6, 1, 4, 13, 6, 1, 10, 6, 4, 13, 6, 1, 1, 1, 13, 1, 11, 20, 3, 3, 4, 16, 1, 8, 3, 5]","[6, 8, 15, 9, 14, 19, 7, 4, 3, 8, 17, 14, 3, 10, 15, 12, 7, 10, 18, 7, 9, 10, 18, 14, 1, 8, 5, 13, 17, 13, 3, 13, 1, 1, 10, 9, 3, 15, 15, 11, 4, 12, 10, 18, 1, 20, 1, 15, 9, 18]",0.020622632
19,KIX_and_KDM5B_130,C_B,32.0,0.219,0.594,0.125,30.0,0.338,3.0,2.0,-19.17,1453.88,-1.0,,,0.3145784609064754,0.2618403117776442,0.0957744181528695,0.1142516231536865,15.107086,2562,KDM5B_130,NKVSQPPGTTSFSLPDDWDNRTSYLHSPFSTGRSCIPLHGVSPEVNELLMEAQLLQVSLPEIQELYQTLLAKPSPAQQTD,KIX,GIRKQWHEDITQDLRNHLVHKLVQAIFPTPDPAALKDRRMENLVAYARKVEGDMYESANNRAEYYHLLAEKIYKIQKELE,"[12, 9, 18, 16, 14, 13, 13, 6, 17, 17, 16, 5, 16, 10, 13, 3, 3, 19, 3, 12, 15, 17, 16, 20, 10, 7, 16, 13, 5, 16, 17, 6, 15, 16, 2, 8, 13, 10, 7, 6, 18, 16, 13, 4, 18, 12, 4, 10, 10, 11]","[6, 8, 15, 9, 14, 19, 7, 4, 3, 8, 17, 14, 3, 10, 15, 12, 7, 10, 18, 7, 9, 10, 18, 14, 1, 8, 5, 13, 17, 13, 3, 13, 1, 1, 10, 9, 3, 15, 15, 11, 4, 12, 10, 18, 1, 20, 1, 15, 9, 18]",0.018433556
20,KIX_and_MYCN_5,C_B,21.0,0.143,0.429,0.238,22.0,0.351,10.0,0.0,-16.84,1374.73,-0.65,,,0.3117483683120564,0.2545796142107164,0.0682390441076437,0.1217742538452148,15.774303,2552,MYCN_5,KFELLPTPPLSPSRGFAEHSSEPPSWVTEMLLENELWGSPAEEDAFGLGGLGGLTPNPVILQDCMWSGFSAREKLERAVS,KIX,GIRKQWHEDITQDLRNHLVHKLVQAIFPTPDPAALKDRRMENLVAYARKVEGDMYESANNRAEYYHLLAEKIYKIQKELE,"[9, 5, 4, 10, 10, 13, 17, 13, 13, 10, 16, 13, 16, 15, 6, 5, 1, 4, 7, 16, 16, 4, 13, 13, 16, 19, 18, 17, 4, 11, 10, 10, 4, 12, 4, 10, 19, 6, 16, 13, 1, 4, 4, 3, 1, 5, 6, 10, 6, 6]","[6, 8, 15, 9, 14, 19, 7, 4, 3, 8, 17, 14, 3, 10, 15, 12, 7, 10, 18, 7, 9, 10, 18, 14, 1, 8, 5, 13, 17, 13, 3, 13, 1, 1, 10, 9, 3, 15, 15, 11, 4, 12, 10, 18, 1, 20, 1, 15, 9, 18]",0.04055194
21,KIX_and_NCOA2_105,C_B,33.0,0.242,0.485,0.242,62.0,0.109,6.0,1.0,-18.82,1218.23,-0.24,,,0.3010861007694984,0.2515588702319529,0.100686132590769,0.1168492221832275,16.221897,1495,NCOA2_105,NRQPFGSSPDDLLCPHPAAESPSDEGALLDQLYLALRNFDGLEEIDRALGIPELVSQSQAVDPEQFSSQDSNIMLEQKAP,KIX,GIRKQWHEDITQDLRNHLVHKLVQAIFPTPDPAALKDRRMENLVAYARKVEGDMYESANNRAEYYHLLAEKIYKIQKELE,"[12, 15, 14, 13, 5, 6, 16, 16, 13, 3, 3, 10, 10, 2, 13, 7, 13, 1, 1, 4, 16, 13, 16, 3, 4, 6, 1, 10, 10, 3, 14, 10, 20, 10, 1, 10, 15, 12, 5, 3, 6, 10, 4, 4, 8, 3, 15, 1, 10, 6]","[6, 8, 15, 9, 14, 19, 7, 4, 3, 8, 17, 14, 3, 10, 15, 12, 7, 10, 18, 7, 9, 10, 18, 14, 1, 8, 5, 13, 17, 13, 3, 13, 1, 1, 10, 9, 3, 15, 15, 11, 4, 12, 10, 18, 1, 20, 1, 15, 9, 18]",0.013023879
22,KIX_and_TP53_2,C_B,20.0,0.2,0.45,0.35,39.0,0.132,1.0,0.0,-11.05,707.87,-0.92,,,0.2882482473948938,0.2432511498847523,0.0584067694593825,0.1080634307861328,18.796778,1065,TP53_2,LWKLLPENNVLSPLPSQAMDDLMLSPDDIEQWFTEDPGPDEAPRMPEAAPPVAPAPAAPTPAAPAPAPSWPLSSSVPSQK,KIX,GIRKQWHEDITQDLRNHLVHKLVQAIFPTPDPAALKDRRMENLVAYARKVEGDMYESANNRAEYYHLLAEKIYKIQKELE,"[10, 19, 9, 10, 10, 13, 4, 12, 12, 18, 10, 16, 13, 10, 13, 16, 14, 1, 11, 3, 3, 10, 11, 10, 16, 13, 3, 3, 8, 4, 14, 19, 5, 17, 4, 3, 13, 6, 13, 3, 4, 1, 13, 15, 11, 13, 4, 1, 1, 13]","[6, 8, 15, 9, 14, 19, 7, 4, 3, 8, 17, 14, 3, 10, 15, 12, 7, 10, 18, 7, 9, 10, 18, 14, 1, 8, 5, 13, 17, 13, 3, 13, 1, 1, 10, 9, 3, 15, 15, 11, 4, 12, 10, 18, 1, 20, 1, 15, 9, 18]",0.042174805
23,KIX_and_E2F4_32,C_B,37.0,0.324,0.432,0.162,44.0,0.257,7.0,0.0,-27.41,1603.2,-0.44,,,0.2995806005940179,0.2432473940470739,0.1197041564491165,0.114014663696289,16.196966,1652,E2F4_32,NSSSSSGPNPSTSFEPIKADPTGVLELPKELSEIFDPTRECMSSELLEELMSSEVFAPLLRLSPPPGDHDYIYNLDESEG,KIX,GIRKQWHEDITQDLRNHLVHKLVQAIFPTPDPAALKDRRMENLVAYARKVEGDMYESANNRAEYYHLLAEKIYKIQKELE,"[12, 16, 16, 16, 16, 16, 6, 13, 12, 13, 16, 17, 16, 5, 4, 13, 8, 9, 1, 3, 13, 17, 6, 18, 10, 4, 10, 13, 9, 4, 10, 16, 4, 8, 5, 3, 13, 17, 15, 4, 2, 11, 16, 16, 4, 10, 10, 4, 4, 10]","[6, 8, 15, 9, 14, 19, 7, 4, 3, 8, 17, 14, 3, 10, 15, 12, 7, 10, 18, 7, 9, 10, 18, 14, 1, 8, 5, 13, 17, 13, 3, 13, 1, 1, 10, 9, 3, 15, 15, 11, 4, 12, 10, 18, 1, 20, 1, 15, 9, 18]",0.032215413
24,KIX_and_FOXN4_41,C_B,21.0,0.143,0.619,0.095,21.0,0.077,2.0,2.0,-13.38,840.77,-1.36,,,0.2951873104807798,0.2403466751498554,0.0643316129145814,0.1177473354339599,16.554493,1486,FOXN4_41,TDMNTEVDALDPSIMDFALQGNLWEEMKDEGFSLDTLGAFADSPLGCDLGASGLTPASGGSDQSFPDLQVTGLYTAYSTP,KIX,GIRKQWHEDITQDLRNHLVHKLVQAIFPTPDPAALKDRRMENLVAYARKVEGDMYESANNRAEYYHLLAEKIYKIQKELE,"[17, 3, 11, 12, 17, 4, 18, 3, 1, 10, 3, 13, 16, 8, 11, 3, 5, 1, 10, 14, 6, 12, 10, 19, 4, 4, 11, 9, 3, 4, 6, 5, 16, 10, 3, 17, 10, 6, 1, 5, 1, 3, 16, 13, 10, 6, 2, 3, 10, 6]","[6, 8, 15, 9, 14, 19, 7, 4, 3, 8, 17, 14, 3, 10, 15, 12, 7, 10, 18, 7, 9, 10, 18, 14, 1, 8, 5, 13, 17, 13, 3, 13, 1, 1, 10, 9, 3, 15, 15, 11, 4, 12, 10, 18, 1, 20, 1, 15, 9, 18]",0.07146045
25,KIX_and_NR4A1_3,C_B,35.0,0.229,0.486,0.229,64.0,0.101,5.0,2.0,-18.73,1150.92,-0.33,,,0.2888922463338724,0.2351271003190817,0.1160324896652034,0.1140706539154052,17.352139,1015,NR4A1_3,KPTMDLASPEAAPAAPTALPSFSTFMDGYTGEFDTFLYQLPGTVQPCSSASSSASSTSSSSATSPASASFKFEDFQVYGC,KIX,GIRKQWHEDITQDLRNHLVHKLVQAIFPTPDPAALKDRRMENLVAYARKVEGDMYESANNRAEYYHLLAEKIYKIQKELE,"[9, 13, 17, 11, 3, 10, 1, 16, 13, 4, 1, 1, 13, 1, 1, 13, 17, 1, 10, 13, 16, 5, 16, 17, 5, 11, 3, 6, 20, 17, 6, 4, 5, 3, 17, 5, 10, 20, 14, 10, 13, 6, 17, 18, 14, 13, 2, 16, 16, 1]","[6, 8, 15, 9, 14, 19, 7, 4, 3, 8, 17, 14, 3, 10, 15, 12, 7, 10, 18, 7, 9, 10, 18, 14, 1, 8, 5, 13, 17, 13, 3, 13, 1, 1, 10, 9, 3, 15, 15, 11, 4, 12, 10, 18, 1, 20, 1, 15, 9, 18]",0.21427213
26,KIX_and_EYA2_14,C_B,25.0,0.4,0.4,0.16,28.0,0.173,7.0,0.0,-13.94,1041.11,-1.55,,,0.2887350876428199,0.2276529605215834,0.062197226720256,0.128331184387207,16.121357,2019,EYA2_14,TGFYQGGNGLGNAAGFGSVHQDYPSYPGFPQSQYPQYYGSSYNPPYVPASSICPSPLSTSTYVLQEASHNVPNQSSESLA,KIX,GIRKQWHEDITQDLRNHLVHKLVQAIFPTPDPAALKDRRMENLVAYARKVEGDMYESANNRAEYYHLLAEKIYKIQKELE,"[17, 6, 5, 20, 14, 6, 6, 12, 6, 10, 6, 12, 1, 1, 6, 5, 6, 16, 18, 7, 14, 3, 20, 13, 16, 20, 13, 6, 5, 13, 14, 16, 14, 20, 13, 14, 20, 20, 6, 16, 16, 20, 12, 13, 13, 20, 18, 13, 1, 16]","[6, 8, 15, 9, 14, 19, 7, 4, 3, 8, 17, 14, 3, 10, 15, 12, 7, 10, 18, 7, 9, 10, 18, 14, 1, 8, 5, 13, 17, 13, 3, 13, 1, 1, 10, 9, 3, 15, 15, 11, 4, 12, 10, 18, 1, 20, 1, 15, 9, 18]",0.032959674
27,KIX_and_NFATC2_0,C_B,40.0,0.2,0.4,0.35,74.0,0.079,9.0,4.0,-19.61,1213.11,0.49,,,0.2636559956019891,0.2065773526879713,0.1621629899805381,0.1148056316375732,18.428015,1020,NFATC2_0,NAPERQPQPDGGDAPGHEPGGSPQDELDFSILFDYEYLNPNEEEPNAHKVASPPSGPAYPDDVLDYGLKPYSPLASLSGE,KIX,GIRKQWHEDITQDLRNHLVHKLVQAIFPTPDPAALKDRRMENLVAYARKVEGDMYESANNRAEYYHLLAEKIYKIQKELE,"[12, 1, 13, 4, 15, 14, 13, 14, 13, 3, 6, 6, 3, 1, 13, 6, 7, 4, 13, 6, 6, 16, 13, 14, 3, 4, 10, 3, 5, 16, 8, 10, 5, 3, 20, 4, 20, 10, 12, 13, 12, 4, 4, 4, 13, 12, 1, 7, 9, 18]","[6, 8, 15, 9, 14, 19, 7, 4, 3, 8, 17, 14, 3, 10, 15, 12, 7, 10, 18, 7, 9, 10, 18, 14, 1, 8, 5, 13, 17, 13, 3, 13, 1, 1, 10, 9, 3, 15, 15, 11, 4, 12, 10, 18, 1, 20, 1, 15, 9, 18]",0.020985216
28,KIX_and_ELK1_31,C_B,14.0,0.286,0.5,0.143,11.0,0.27,3.0,2.0,-12.31,1013.9,-2.44,,,0.268923298899058,0.2045399790839731,0.079867661788933,0.1250964164733886,17.013617,1559,ELK1_31,KGRKPRDLELPLSPSLLGGPGPERTPGSGSGSGLQAPGPALTPSLLPTHTLTPVLLTPSSLPPSIHFWSTLSPIAPRSPA,KIX,GIRKQWHEDITQDLRNHLVHKLVQAIFPTPDPAALKDRRMENLVAYARKVEGDMYESANNRAEYYHLLAEKIYKIQKELE,"[9, 6, 15, 9, 13, 15, 3, 10, 4, 10, 13, 10, 16, 13, 16, 10, 10, 6, 6, 13, 6, 13, 4, 15, 17, 13, 6, 16, 6, 16, 6, 16, 6, 10, 14, 1, 13, 6, 13, 1, 10, 17, 13, 16, 10, 10, 13, 17, 7, 17]","[6, 8, 15, 9, 14, 19, 7, 4, 3, 8, 17, 14, 3, 10, 15, 12, 7, 10, 18, 7, 9, 10, 18, 14, 1, 8, 5, 13, 17, 13, 3, 13, 1, 1, 10, 9, 3, 15, 15, 11, 4, 12, 10, 18, 1, 20, 1, 15, 9, 18]",0.0434258
29,KIX_and_FOXO6_41,C_B,15.0,0.133,0.467,0.333,17.0,0.153,2.0,2.0,-17.54,1012.29,-0.69,,,0.2651826355432044,0.2033326348035681,0.0463597312787733,0.1128742694854736,16.537994,1228,FOXO6_41,DALPGPYAAAAAGPLGAAPDRFPADLDLDMFSGSLECDVESIILNDFMDSDEMDFNFDSALPPPPPGLAGAPPPNQSWVP,KIX,GIRKQWHEDITQDLRNHLVHKLVQAIFPTPDPAALKDRRMENLVAYARKVEGDMYESANNRAEYYHLLAEKIYKIQKELE,"[3, 1, 10, 13, 6, 13, 20, 1, 1, 1, 1, 1, 6, 13, 10, 6, 1, 1, 13, 3, 15, 5, 13, 1, 3, 10, 3, 10, 3, 11, 5, 16, 6, 16, 10, 4, 2, 3, 18, 4, 16, 8, 8, 10, 12, 3, 5, 11, 3, 16]","[6, 8, 15, 9, 14, 19, 7, 4, 3, 8, 17, 14, 3, 10, 15, 12, 7, 10, 18, 7, 9, 10, 18, 14, 1, 8, 5, 13, 17, 13, 3, 13, 1, 1, 10, 9, 3, 15, 15, 11, 4, 12, 10, 18, 1, 20, 1, 15, 9, 18]",0.016833752
30,KIX_and_TPRX1_38,C_B,39.0,0.231,0.41,0.205,44.0,0.244,7.0,0.0,-20.73,1312.82,-0.93,,,0.2440515760787987,0.1806365835254596,0.0981666914742096,0.1144624328613281,18.540548,509,TPRX1_38,GPILSPGRMRSPGSLPGLAPILGPGSGPGSGSVPAPIPGPGSLPAPAPLWPQSPDASDFLPDTQLFPHFTELLLPLDPLE,KIX,GIRKQWHEDITQDLRNHLVHKLVQAIFPTPDPAALKDRRMENLVAYARKVEGDMYESANNRAEYYHLLAEKIYKIQKELE,"[6, 13, 8, 10, 16, 13, 6, 15, 11, 15, 16, 13, 6, 16, 10, 13, 6, 10, 1, 13, 8, 10, 6, 13, 6, 16, 6, 13, 6, 16, 6, 16, 18, 13, 1, 13, 8, 13, 6, 13, 6, 16, 10, 13, 1, 13, 1, 13, 10, 19]","[6, 8, 15, 9, 14, 19, 7, 4, 3, 8, 17, 14, 3, 10, 15, 12, 7, 10, 18, 7, 9, 10, 18, 14, 1, 8, 5, 13, 17, 13, 3, 13, 1, 1, 10, 9, 3, 15, 15, 11, 4, 12, 10, 18, 1, 20, 1, 15, 9, 18]",0.07690291
32,KIX_and_TLE3_59,C_B,13.0,0.538,0.231,0.231,13.0,0.243,0.0,0.0,-5.24,490.53,-1.73,,,0.2290570380407187,0.16297283654858,0.0325098856338148,0.1314493560791015,14.444241,42,TLE3_59,CFSCCSDGNIAVWDLHNQTLVRQFQGHTDGASCIDISHDGTKLWTGGLDNTVRSWDLREGRQLQQHDFTSQIFSLGYCPT,KIX,GIRKQWHEDITQDLRNHLVHKLVQAIFPTPDPAALKDRRMENLVAYARKVEGDMYESANNRAEYYHLLAEKIYKIQKELE,"[2, 5, 16, 2, 2, 16, 3, 6, 12, 8, 1, 18, 19, 3, 10, 7, 12, 14, 17, 10, 18, 15, 14, 5, 14, 6, 7, 17, 3, 6, 1, 16, 2, 8, 3, 8, 16, 7, 3, 6, 17, 9, 10, 19, 17, 6, 6, 10, 3, 12]","[6, 8, 15, 9, 14, 19, 7, 4, 3, 8, 17, 14, 3, 10, 15, 12, 7, 10, 18, 7, 9, 10, 18, 14, 1, 8, 5, 13, 17, 13, 3, 13, 1, 1, 10, 9, 3, 15, 15, 11, 4, 12, 10, 18, 1, 20, 1, 15, 9, 18]",0.013647871
33,KIX_and_SMARCA2_111,C_B,8.0,0.375,0.5,0.125,9.0,0.251,3.0,1.0,-6.14,725.7,-2.07,,,0.202771853612997,0.1324665819129167,0.0552688097640985,0.1322672080993652,14.725271,24,SMARCA2_111,KFNEPGSQYFIFLLSTRAGGLGLNLQAADTVVIFDSDWNPHQDLQAQDRAHRIGQQNEVRVLRLCTVNSVEEKILAAAKY,KIX,GIRKQWHEDITQDLRNHLVHKLVQAIFPTPDPAALKDRRMENLVAYARKVEGDMYESANNRAEYYHLLAEKIYKIQKELE,"[9, 5, 12, 4, 13, 6, 16, 14, 20, 5, 8, 5, 10, 10, 16, 17, 15, 1, 6, 6, 10, 6, 10, 12, 10, 14, 1, 1, 3, 17, 18, 18, 8, 5, 3, 16, 3, 19, 12, 13, 7, 14, 3, 10, 14, 1, 14, 3, 15, 1]","[6, 8, 15, 9, 14, 19, 7, 4, 3, 8, 17, 14, 3, 10, 15, 12, 7, 10, 18, 7, 9, 10, 18, 14, 1, 8, 5, 13, 17, 13, 3, 13, 1, 1, 10, 9, 3, 15, 15, 11, 4, 12, 10, 18, 1, 20, 1, 15, 9, 18]",0.029090684
