jobs,interface,Num_intf_residues,Polar,Hydrophobhic,Charged,contact_pairs, sc, hb, sb, int_solv_en, int_area,pi_score,pdb, pvalue,iptm_ptm,iptm,mpDockQ/pDockQ
KIX_and_MYB_24,C_B,25,0.24,0.44,0.28,22,0.475,2,7,-15.93,1217.52,0.85,,,0.7399439419424632,0.7691416165761349,0.2673279249294845
KIX_and_KLF15_10,C_B,12,0.167,0.417,0.25,8,0.458,2,0,-21.22,1191.36,0.57,,,0.7338360060049023,0.7669324520016686,0.23835332770139986
KIX_and_ARNTL_54,C_B,12,0.333,0.583,0.083,10,0.591,3,3,-11.18,605.57,0.77,,,0.6631067209374311,0.6888725611451465,0.12795679334784596
KIX_and_MITF_22,C_B,22,0.318,0.5,0.136,19,0.266,3,3,-24.91,1833.37,-1.29,,,0.5965810728891048,0.5986532601710877,0.15385536829238336
KIX_and_NCOA2_101,C_B,26,0.346,0.462,0.192,25,0.296,1,5,-15.75,1268.49,-1.17,,,0.5333904439077497,0.5313725616118687,0.14841648163179
KIX_and_SOX7_27,C_B,14,0.357,0.357,0.214,7,0.345,0,2,-14.16,1044.46,-1.71,,,0.5401709118673917,0.531102039598596,0.10552677300199023
KIX_and_LEUTX_9,C_B,30,0.267,0.467,0.133,32,0.415,3,1,-21.82,1238.25,0.12,,,0.4930656304801623,0.48301215687316956,0.09704404512160236
KIX_and_NFKB1_74,C_B,17,0.176,0.471,0.235,14,0.43,3,2,-10.01,835.46,-1.04,,,0.4684965322579272,0.4518432819651017,0.12860576784653974
KIX_and_KMT2D_298,C_B,28,0.179,0.536,0.25,25,0.296,2,1,-24.44,1607.05,-0.41,,,0.45712129642884836,0.42033963626584314,0.17900496574218894
KIX_and_PPM1F_1,C_B,40,0.2,0.425,0.2,35,0.281,3,0,-24.91,1678.9,-0.89,,,0.44138457810349613,0.4109156442292481,0.07989015923776537
KIX_and_PPARGC1A_2,C_B,11,0.273,0.727,0.0,6,0.307,3,1,-20.7,1390.51,-0.75,,,0.3915759207819526,0.35070890090701046,0.07102001568996251
KIX_and_PRMT3_9,C_B,13,0.308,0.462,0.077,9,0.33,2,4,-11.3,977.45,-1.32,,,0.3603156896384293,0.32847138341135657,0.07131674309467635
KIX_and_NFE2L1_26,C_B,14,0.286,0.429,0.214,12,0.211,2,2,-12.47,665.85,-1.26,,,0.3614579434447148,0.3189970975342998,0.07423656309714685
KIX_and_EGR4_19,C_B,13,0.0,0.769,0.154,8,0.257,0,1,-18.74,1013.03,-1.62,,,0.34093549858441063,0.29328707192152337,0.09217015054768467
KIX_and_SMARCA4_14,C_B,12,0.083,0.583,0.333,11,0.18,4,3,-6.72,851.72,-1.5,,,0.3387666426729823,0.29283613754501214,0.10855566970795838
KIX_and_PHIP_109,C_B,37,0.216,0.514,0.189,43,0.146,5,5,-12.81,1164.57,-0.82,,,0.3375934040283328,0.2904503410319019,0.09253762503889687
KIX_and_CDCA4_15,C_B,21,0.19,0.381,0.429,20,0.238,6,4,-20.65,1269.31,0.12,,,0.32613022354054083,0.27317043446315054,0.07769876405114584
KIX_and_SOX8_24,C_B,16,0.438,0.313,0.188,16,0.267,1,1,-12.1,951.13,-2.09,,,0.3144214792662171,0.266608921218865,0.07341129072002302
KIX_and_CEBPD_1,C_B,15,0.267,0.533,0.2,14,0.32,5,3,-23.48,1317.02,-0.37,,,0.31451508392562083,0.2623361548080946,0.10733818135603829
KIX_and_KDM5B_130,C_B,32,0.219,0.594,0.125,30,0.338,3,2,-19.17,1453.88,-1.0,,,0.3145784609064754,0.2618403117776442,0.09577441815286952
KIX_and_MYCN_5,C_B,21,0.143,0.429,0.238,22,0.351,10,0,-16.84,1374.73,-0.65,,,0.31174836831205643,0.2545796142107164,0.06823904410764377
KIX_and_NCOA2_105,C_B,33,0.242,0.485,0.242,62,0.109,6,1,-18.82,1218.23,-0.24,,,0.30108610076949843,0.2515588702319529,0.10068613259076907
KIX_and_TP53_2,C_B,20,0.2,0.45,0.35,39,0.132,1,0,-11.05,707.87,-0.92,,,0.28824824739489385,0.24325114988475238,0.058406769459382515
KIX_and_E2F4_32,C_B,37,0.324,0.432,0.162,44,0.257,7,0,-27.41,1603.2,-0.44,,,0.2995806005940179,0.24324739404707393,0.11970415644911658
KIX_and_FOXN4_41,C_B,21,0.143,0.619,0.095,21,0.077,2,2,-13.38,840.77,-1.36,,,0.2951873104807798,0.24034667514985542,0.06433161291458149
KIX_and_NR4A1_3,C_B,35,0.229,0.486,0.229,64,0.101,5,2,-18.73,1150.92,-0.33,,,0.28889224633387245,0.2351271003190817,0.11603248966520348
KIX_and_EYA2_14,C_B,25,0.4,0.4,0.16,28,0.173,7,0,-13.94,1041.11,-1.55,,,0.2887350876428199,0.2276529605215834,0.062197226720256016
KIX_and_NFATC2_0,C_B,40,0.2,0.4,0.35,74,0.079,9,4,-19.61,1213.11,0.49,,,0.26365599560198916,0.20657735268797134,0.16216298998053816
KIX_and_ELK1_31,C_B,14,0.286,0.5,0.143,11,0.27,3,2,-12.31,1013.9,-2.44,,,0.268923298899058,0.20453997908397312,0.07986766178893304
KIX_and_FOXO6_41,C_B,15,0.133,0.467,0.333,17,0.153,2,2,-17.54,1012.29,-0.69,,,0.2651826355432044,0.20333263480356817,0.046359731278773346
KIX_and_TPRX1_38,C_B,39,0.231,0.41,0.205,44,0.244,7,0,-20.73,1312.82,-0.93,,,0.24405157607879877,0.18063658352545964,0.09816669147420963
KIX_and_RELB_45,None,None,None,None,None,None,None,None,None,None,None,No interface detected,None,None,0.23002573143734223,0.16944945145142906,0.07089731028936273
KIX_and_TLE3_59,C_B,13,0.538,0.231,0.231,13,0.243,0,0,-5.24,490.53,-1.73,,,0.22905703804071875,0.16297283654858002,0.03250988563381481
KIX_and_SMARCA2_111,C_B,8,0.375,0.5,0.125,9,0.251,3,1,-6.14,725.7,-2.07,,,0.20277185361299707,0.13246658191291674,0.05526880976409858
