jobs,interface,Num_intf_residues,Polar,Hydrophobhic,Charged,contact_pairs, sc, hb, sb, int_solv_en, int_area,pi_score,pdb, pvalue,iptm_ptm,iptm,mpDockQ/pDockQ,lis_score,average_pae_score,lia_score
KIX_and_MYB_24,C_B,25.0,0.24,0.44,0.28,22.0,0.475,2.0,7.0,-15.93,1217.52,0.85,,,0.7399439419424632,0.7691416165761349,0.2673279249294845,0.1738291549682617,13.773817,5393
KIX_and_KLF15_10,C_B,12.0,0.167,0.417,0.25,8.0,0.458,2.0,0.0,-21.22,1191.36,0.57,,,0.7338360060049023,0.7669324520016686,0.2383533277013998,0.17048370361328125,15.009221,4230
KIX_and_ARNTL_54,C_B,12.0,0.333,0.583,0.083,10.0,0.591,3.0,3.0,-11.18,605.57,0.77,,,0.6631067209374311,0.6888725611451465,0.1279567933478459,0.1480921459197998,17.160551,3633
KIX_and_MITF_22,C_B,22.0,0.318,0.5,0.136,19.0,0.266,3.0,3.0,-24.91,1833.37,-1.29,,,0.5965810728891048,0.5986532601710877,0.1538553682923833,0.1337109375,14.34953,3088
KIX_and_NCOA2_101,C_B,26.0,0.346,0.462,0.192,25.0,0.296,1.0,5.0,-15.75,1268.49,-1.17,,,0.5333904439077497,0.5313725616118687,0.14841648163179,0.12841818809509278,16.39258,3075
KIX_and_SOX7_27,C_B,14.0,0.357,0.357,0.214,7.0,0.345,0.0,2.0,-14.16,1044.46,-1.71,,,0.5401709118673917,0.531102039598596,0.1055267730019902,0.13774263381958007,15.542495,3678
KIX_and_LEUTX_9,C_B,30.0,0.267,0.467,0.133,32.0,0.415,3.0,1.0,-21.82,1238.25,0.12,,,0.4930656304801623,0.4830121568731695,0.0970440451216023,0.12811976432800293,17.471945,2151
KIX_and_NFKB1_74,C_B,17.0,0.176,0.471,0.235,14.0,0.43,3.0,2.0,-10.01,835.46,-1.04,,,0.4684965322579272,0.4518432819651017,0.1286057678465397,0.1263184642791748,17.060871,2271
KIX_and_KMT2D_298,C_B,28.0,0.179,0.536,0.25,25.0,0.296,2.0,1.0,-24.44,1607.05,-0.41,,,0.4571212964288483,0.4203396362658431,0.1790049657421889,0.13982708930969237,13.877258,4962
KIX_and_PPM1F_1,C_B,40.0,0.2,0.425,0.2,35.0,0.281,3.0,0.0,-24.91,1678.9,-0.89,,,0.4413845781034961,0.4109156442292481,0.0798901592377653,0.12056699752807618,13.584918,3875
KIX_and_PPARGC1A_2,C_B,11.0,0.273,0.727,0.0,6.0,0.307,3.0,1.0,-20.7,1390.51,-0.75,,,0.3915759207819526,0.3507089009070104,0.0710200156899625,0.12250789642333984,14.03932,3340
KIX_and_PRMT3_9,C_B,13.0,0.308,0.462,0.077,9.0,0.33,2.0,4.0,-11.3,977.45,-1.32,,,0.3603156896384293,0.3284713834113565,0.0713167430946763,0.12052434921264649,15.813131,270
KIX_and_NFE2L1_26,C_B,14.0,0.286,0.429,0.214,12.0,0.211,2.0,2.0,-12.47,665.85,-1.26,,,0.3614579434447148,0.3189970975342998,0.0742365630971468,0.1261960220336914,16.64118,2186
KIX_and_EGR4_19,C_B,13.0,0.0,0.769,0.154,8.0,0.257,0.0,1.0,-18.74,1013.03,-1.62,,,0.3409354985844106,0.2932870719215233,0.0921701505476846,0.12061494827270508,16.991205,1730
KIX_and_SMARCA4_14,C_B,12.0,0.083,0.583,0.333,11.0,0.18,4.0,3.0,-6.72,851.72,-1.5,,,0.3387666426729823,0.2928361375450121,0.1085556697079583,0.12975547790527345,15.870138,1197
KIX_and_PHIP_109,C_B,37.0,0.216,0.514,0.189,43.0,0.146,5.0,5.0,-12.81,1164.57,-0.82,,,0.3375934040283328,0.2904503410319019,0.0925376250388968,0.11159303665161133,15.128422,962
KIX_and_CDCA4_15,C_B,21.0,0.19,0.381,0.429,20.0,0.238,6.0,4.0,-20.65,1269.31,0.12,,,0.3261302235405408,0.2731704344631505,0.0776987640511458,0.12251823425292968,16.407297,2262
KIX_and_SOX8_24,C_B,16.0,0.438,0.313,0.188,16.0,0.267,1.0,1.0,-12.1,951.13,-2.09,,,0.3144214792662171,0.266608921218865,0.073411290720023,0.11811192512512207,17.697031,1336
KIX_and_CEBPD_1,C_B,15.0,0.267,0.533,0.2,14.0,0.32,5.0,3.0,-23.48,1317.02,-0.37,,,0.3145150839256208,0.2623361548080946,0.1073381813560382,0.11567216873168945,17.758514,1878
KIX_and_KDM5B_130,C_B,32.0,0.219,0.594,0.125,30.0,0.338,3.0,2.0,-19.17,1453.88,-1.0,,,0.3145784609064754,0.2618403117776442,0.0957744181528695,0.11425162315368652,15.107086,2562
KIX_and_MYCN_5,C_B,21.0,0.143,0.429,0.238,22.0,0.351,10.0,0.0,-16.84,1374.73,-0.65,,,0.3117483683120564,0.2545796142107164,0.0682390441076437,0.12177425384521484,15.774303,2552
KIX_and_NCOA2_105,C_B,33.0,0.242,0.485,0.242,62.0,0.109,6.0,1.0,-18.82,1218.23,-0.24,,,0.3010861007694984,0.2515588702319529,0.100686132590769,0.11684922218322753,16.221897,1495
KIX_and_TP53_2,C_B,20.0,0.2,0.45,0.35,39.0,0.132,1.0,0.0,-11.05,707.87,-0.92,,,0.2882482473948938,0.2432511498847523,0.0584067694593825,0.10806343078613281,18.796778,1065
KIX_and_E2F4_32,C_B,37.0,0.324,0.432,0.162,44.0,0.257,7.0,0.0,-27.41,1603.2,-0.44,,,0.2995806005940179,0.2432473940470739,0.1197041564491165,0.11401466369628906,16.196966,1652
KIX_and_FOXN4_41,C_B,21.0,0.143,0.619,0.095,21.0,0.077,2.0,2.0,-13.38,840.77,-1.36,,,0.2951873104807798,0.2403466751498554,0.0643316129145814,0.11774733543395996,16.554493,1486
KIX_and_NR4A1_3,C_B,35.0,0.229,0.486,0.229,64.0,0.101,5.0,2.0,-18.73,1150.92,-0.33,,,0.2888922463338724,0.2351271003190817,0.1160324896652034,0.11407065391540527,17.352139,1015
KIX_and_EYA2_14,C_B,25.0,0.4,0.4,0.16,28.0,0.173,7.0,0.0,-13.94,1041.11,-1.55,,,0.2887350876428199,0.2276529605215834,0.062197226720256,0.12833118438720703,16.121357,2019
KIX_and_NFATC2_0,C_B,40.0,0.2,0.4,0.35,74.0,0.079,9.0,4.0,-19.61,1213.11,0.49,,,0.2636559956019891,0.2065773526879713,0.1621629899805381,0.11480563163757324,18.428015,1020
KIX_and_ELK1_31,C_B,14.0,0.286,0.5,0.143,11.0,0.27,3.0,2.0,-12.31,1013.9,-2.44,,,0.268923298899058,0.2045399790839731,0.079867661788933,0.12509641647338868,17.013617,1559
KIX_and_FOXO6_41,C_B,15.0,0.133,0.467,0.333,17.0,0.153,2.0,2.0,-17.54,1012.29,-0.69,,,0.2651826355432044,0.2033326348035681,0.0463597312787733,0.11287426948547363,16.537994,1228
KIX_and_TPRX1_38,C_B,39.0,0.231,0.41,0.205,44.0,0.244,7.0,0.0,-20.73,1312.82,-0.93,,,0.2440515760787987,0.1806365835254596,0.0981666914742096,0.11446243286132812,18.540548,509
KIX_and_RELB_45,,,,,,,,,,,,No interface detected,,,0.2300257314373422,0.169449451451429,0.0708973102893627,0.1014715576171875,17.390509,380
KIX_and_TLE3_59,C_B,13.0,0.538,0.231,0.231,13.0,0.243,0.0,0.0,-5.24,490.53,-1.73,,,0.2290570380407187,0.16297283654858,0.0325098856338148,0.13144935607910158,14.444241,42
KIX_and_SMARCA2_111,C_B,8.0,0.375,0.5,0.125,9.0,0.251,3.0,1.0,-6.14,725.7,-2.07,,,0.202771853612997,0.1324665819129167,0.0552688097640985,0.13226720809936524,14.725271,24
